{"cameraMode":{"drawMode":0,"name":"Shaded","section":"Shading Mode"},"sceneLighting":true,"audioPlay":false,"sceneViewState":{"m_AlwaysRefresh":false,"showFog":true,"showSkybox":true,"showFlares":true,"showImageEffects":true,"showParticleSystems":true,"showVisualEffectGraphs":true,"m_FxEnabled":true},"in2DMode":false,"pivot":{"x":3.1277620792388918,"y":0.398722767829895,"z":-0.42128968238830569},"rotation":{"x":0.03781726211309433,"y":-0.9278624653816223,"z":0.09806621819734574,"w":0.35785314440727236},"size":7.8980512619018559,"orthographic":true}